<?xml version="1.0" encoding="UTF-8"?>
<!DOCTYPE xml>
<Configuration monitorInterval="30">
	<Appenders>
		<Console name="Console" target="SYSTEM_OUT">
			<PatternLayout  charset="UTF-8" pattern="%d{HH:mm:ss.SSS} %-5level %logger{36}.%M() @%L : %msg%n" />
		</Console>
		<RollingRandomAccessFile  name="AsyncAppender">
			<FileName>D:/CXC/Log/CXCUPLOAD/Applog.log</FileName>
			<FilePattern>D:/CXC/Log/CXCUPLOAD/archive/%d{yyyy-MM-dd-hh}-%i.log.zip</FilePattern>
			<PatternLayout  charset="UTF-8" pattern="%d{yyyy-MMM-dd HH:mm:ss a} %-5level %logger{36}.%M() @%L : %msg%n" />
			<Policies>
				<SizeBasedTriggeringPolicy size="10 MB" />
			</Policies>
			<DefaultRolloverStrategy max="100" />
		</RollingRandomAccessFile >
		<Async name="Async">
            <AppenderRef ref="AsyncAppender"/>
        </Async>
	</Appenders>
	<Loggers>
		<Logger name="com.upload" level="debug" additivity="false">
			<AppenderRef ref="AsyncAppender" />
			<AppenderRef ref="Console" />
		</Logger>
		<Root level="trace">
			<AppenderRef ref="Console" /> 
		</Root>
	</Loggers>
</Configuration>